<?xml version="1.0"?>
<TemplateManager>
	<Page Name="Network" PageGUID="BD133CA4-FBB3-4B81-930C-80D5D0BFA460" />
	<Page Name="All Data Pages" PageGUID="EDAC67F3-8755-47E8-B029-AA5266C7D1C0" />
	<Page Name="[Data Page] Travel" PageGUID="89FA420B-AC49-4751-9B4E-0B6A11F0AB17" />
	<Page Name="[Data Page] VehicleToStation" PageGUID="D55C6F39-1755-4728-895A-970F7345C443" />
	<Page Name="Page 1" PageGUID="2E0DD578-60C5-4B75-84E5-EAD1569C650D" />
	<Page Name="Page 2" PageGUID="F48F9913-A620-4CF4-AA83-96EC495FDFA4" />
	<Page Name="[Data Page] BikesCarriedfrom" PageGUID="C51AFE45-DA1B-465B-909D-FD66667AEA95" />
	<Page Name="[Data Page] BikesLoaded" PageGUID="D83B739D-48B2-45AD-AE9E-A66AAC43600E" />
	<Page Name="Page 3" PageGUID="60BDD8EC-BB50-4CAE-AA45-232A0A93B9CC" />
	<Page Name="Vehicles" PageGUID="5DCDE407-D938-44BB-876A-4F9863BE009F" />
	<Page Name="Stations" PageGUID="16A4009C-63FF-4E0D-886E-02B0F1AE9D42" />
</TemplateManager>
