<?xml version="1.0"?>
<Page Version="4000" TimeStamp="2016-02-16 02:32:44">
	<PageEditSize Type="Inherited" />
	<ProjectUUID>DF4CEE1C-3B31-478B-B87D-1F053642CBBF</ProjectUUID>
	<TemplatesTabOrderPosition>1</TemplatesTabOrderPosition>
	<Background Inherited="true" />
	<PageObject Type="Table">
		<Location top="6" left="12" bottom="462" right="432" />
		<TabOrder>1</TabOrder>
		<Font GUID="00000000-0000-0000-0000-000000000001" Name="Main Font" />
		<Border Style="InShadow" Width="2" MarginTop="5" MarginRight="5" MarginBottom="5" MarginLeft="5" />
		<BackgroundColor RGB="#ffffff" />
		<RowIndentation>3</RowIndentation>
		<AllHorizontalGridLines>true</AllHorizontalGridLines>
		<AllVerticalGridLines>true</AllVerticalGridLines>
		<ExplicitIdentifier>
			<Identifier>BikesLoaded( i, v, t )</Identifier>
			<FirstColumn>2</FirstColumn>
			<NumberFormat Width="4" Decimals="0" Alignment="Right" />
		</ExplicitIdentifier>
	</PageObject>
	<PageObject Type="Table">
		<Location top="6" left="444" bottom="138" right="1158" />
		<TabOrder>2</TabOrder>
		<Font GUID="00000000-0000-0000-0000-000000000001" Name="Main Font" />
		<Border Style="InShadow" Width="2" MarginTop="5" MarginRight="5" MarginBottom="5" MarginLeft="5" />
		<BackgroundColor RGB="#ffffff" />
		<RowIndentation>3</RowIndentation>
		<AllHorizontalGridLines>true</AllHorizontalGridLines>
		<AllVerticalGridLines>true</AllVerticalGridLines>
		<ExplicitIdentifier>
			<Identifier>LoadedPerTimePeriod( v, t )</Identifier>
			<FirstColumn>1</FirstColumn>
			<NumberFormat Width="8" Decimals="2" Alignment="Right" />
		</ExplicitIdentifier>
		<ExplicitIdentifier>
			<Identifier>TotalLoadedNet( v )</Identifier>
			<FirstColumn>1</FirstColumn>
			<NumberFormat Width="5" Decimals="2" Alignment="Center" />
		</ExplicitIdentifier>
	</PageObject>
	<PageObject Type="Table">
		<Location top="150" left="672" bottom="228" right="882" />
		<TabOrder>3</TabOrder>
		<Font GUID="00000000-0000-0000-0000-000000000001" Name="Main Font" />
		<Border Style="InShadow" Width="2" MarginTop="5" MarginRight="5" MarginBottom="5" MarginLeft="5" />
		<BackgroundColor RGB="#ffffff" />
		<RowIndentation>3</RowIndentation>
		<ExplicitIdentifier>
			<Identifier>TimeTraveled( v )</Identifier>
			<FirstColumn>0</FirstColumn>
			<NumberFormat Width="5" Decimals="3" Alignment="Center" />
		</ExplicitIdentifier>
	</PageObject>
	<UsedReferences>
		<Model>
			<Symbol>BikesLoaded</Symbol>
			<Symbol>LoadedPerTimePeriod</Symbol>
			<Symbol>TotalLoadedNet</Symbol>
			<Symbol>TimeTraveled</Symbol>
			<Symbol>i</Symbol>
			<Symbol>v</Symbol>
			<Symbol>t</Symbol>
		</Model>
	</UsedReferences>
</Page>
