<?xml version="1.0"?>
<Page Version="4000" TimeStamp="2016-02-17 15:07:05">
	<PageEditSize Type="Inherited" />
	<ProjectUUID>DF4CEE1C-3B31-478B-B87D-1F053642CBBF</ProjectUUID>
	<TemplatesTabOrderPosition>1</TemplatesTabOrderPosition>
	<Background Inherited="true" />
	<PageObject Type="Composite Table">
		<Location top="12" left="30" bottom="384" right="792" />
		<TabOrder>1</TabOrder>
		<Font GUID="00000000-0000-0000-0000-000000000001" Name="Main Font" />
		<Border Style="InShadow" Width="2" MarginTop="5" MarginRight="5" MarginBottom="5" MarginLeft="5" />
		<BackgroundColor RGB="#ffffff" />
		<Domain>
			<Identifier>AvailableBikes( i, t )</Identifier>
			<Index Name="i" />
			<Index Name="t" />
		</Domain>
		<ExplicitIdentifier>
			<Identifier>LocationCapacity( i )</Identifier>
			<NumberFormat Width="5" Decimals="1" Alignment="Center" />
		</ExplicitIdentifier>
		<ExplicitIdentifier>
			<Identifier>InitialInventory( i, t )</Identifier>
			<NumberFormat Width="5" Decimals="1" Alignment="Center" />
		</ExplicitIdentifier>
		<ExplicitIdentifier>
			<Identifier>AvailableBikes( i, t )</Identifier>
			<NumberFormat Width="4" Decimals="0" Alignment="Center" />
		</ExplicitIdentifier>
		<ExplicitIdentifier>
			<Identifier>BikeDemand( i, t )</Identifier>
			<NumberFormat Width="5" Decimals="1" Alignment="Center" />
		</ExplicitIdentifier>
		<ExplicitIdentifier>
			<Identifier>DockDemand( i, t )</Identifier>
			<NumberFormat Width="5" Decimals="2" Alignment="Center" />
		</ExplicitIdentifier>
		<ExplicitIdentifier>
			<Identifier>UnsatisfiedBikes( i, t )</Identifier>
			<NumberFormat Width="7" Decimals="3" Alignment="Center" />
		</ExplicitIdentifier>
		<ExplicitIdentifier>
			<Identifier>UnsatisfiedDocks( i, t )</Identifier>
			<NumberFormat Width="7" Decimals="3" Alignment="Center" />
		</ExplicitIdentifier>
	</PageObject>
	<PageObject Type="Composite Table">
		<Location top="12" left="816" bottom="378" right="1092" />
		<TabOrder>2</TabOrder>
		<Font GUID="00000000-0000-0000-0000-000000000001" Name="Main Font" />
		<Border Style="InShadow" Width="2" MarginTop="5" MarginRight="5" MarginBottom="5" MarginLeft="5" />
		<BackgroundColor RGB="#ffffff" />
		<Domain>
			<Identifier>BikesLoaded( i, v, t )</Identifier>
			<Index Name="i">
				<SortingOrder>2</SortingOrder>
			</Index>
			<Index Name="v">
				<SortingOrder>1</SortingOrder>
			</Index>
			<Index Name="t" />
		</Domain>
		<ExplicitIdentifier>
			<Identifier>BikesLoaded( i, v, t )</Identifier>
			<NumberFormat Width="4" Decimals="0" Alignment="Center" />
		</ExplicitIdentifier>
	</PageObject>
	<UsedReferences>
		<Model>
			<Symbol>LocationCapacity</Symbol>
			<Symbol>InitialInventory</Symbol>
			<Symbol>BikeDemand</Symbol>
			<Symbol>DockDemand</Symbol>
			<Symbol>BikesLoaded</Symbol>
			<Symbol>UnsatisfiedBikes</Symbol>
			<Symbol>UnsatisfiedDocks</Symbol>
			<Symbol>AvailableBikes</Symbol>
			<Symbol>i</Symbol>
			<Symbol>v</Symbol>
			<Symbol>t</Symbol>
		</Model>
	</UsedReferences>
</Page>
