<?xml version="1.0"?>
<Page Version="4000" TimeStamp="2016-02-17 15:07:05">
	<PageEditSize Type="Inherited" />
	<ProjectUUID>DF4CEE1C-3B31-478B-B87D-1F053642CBBF</ProjectUUID>
	<TemplatesTabOrderPosition>1</TemplatesTabOrderPosition>
	<Background Inherited="true" />
	<PageObject Type="Bar Chart">
		<Location top="12" left="18" bottom="240" right="576" />
		<TabOrder>4</TabOrder>
		<Font GUID="00000000-0000-0000-0000-000000000001" Name="Main Font" />
		<Border Style="InShadow" Width="2" MarginTop="5" MarginRight="5" MarginBottom="5" MarginLeft="5" />
		<BackgroundColor RGB="#ffffff" />
		<ColorScheme Number="0" />
		<Title>true</Title>
		<Legend>true</Legend>
		<Y-Labels>true</Y-Labels>
		<X-Labels>true</X-Labels>
		<HorizontalGridLines>true</HorizontalGridLines>
		<StatusLine>true</StatusLine>
		<HorizontalLine>
			<Identifier>StationCap</Identifier>
		</HorizontalLine>
		<ExplicitIdentifier>
			<Identifier>AvailableBikes( i, t )</Identifier>
		</ExplicitIdentifier>
		<FillWithColor>true</FillWithColor>
	</PageObject>
	<PageObject Type="Bar Chart">
		<Location top="252" left="18" bottom="408" right="576" />
		<TabOrder>1</TabOrder>
		<Font GUID="00000000-0000-0000-0000-000000000001" Name="Main Font" />
		<Border Style="InShadow" Width="2" MarginTop="5" MarginRight="5" MarginBottom="5" MarginLeft="5" />
		<BackgroundColor RGB="#ffffff" />
		<ColorScheme Number="0" />
		<Title>true</Title>
		<Legend>true</Legend>
		<Y-Labels>true</Y-Labels>
		<X-Labels>true</X-Labels>
		<HorizontalGridLines>true</HorizontalGridLines>
		<StatusLine>true</StatusLine>
		<ExplicitIdentifier>
			<Identifier>LocationCapacity( i )</Identifier>
		</ExplicitIdentifier>
		<FillWithColor>true</FillWithColor>
	</PageObject>
	<PageObject Type="Bar Chart">
		<Location top="12" left="588" bottom="240" right="1128" />
		<TabOrder>2</TabOrder>
		<Font GUID="00000000-0000-0000-0000-000000000001" Name="Main Font" />
		<Border Style="InShadow" Width="2" MarginTop="5" MarginRight="5" MarginBottom="5" MarginLeft="5" />
		<BackgroundColor RGB="#ffffff" />
		<ColorScheme Number="0" />
		<Title>true</Title>
		<Legend>true</Legend>
		<Y-Labels>true</Y-Labels>
		<X-Labels>true</X-Labels>
		<HorizontalGridLines>true</HorizontalGridLines>
		<StatusLine>true</StatusLine>
		<ExplicitIdentifier>
			<Identifier>UnsatisfiedDocks( i, t )</Identifier>
		</ExplicitIdentifier>
		<FillWithColor>true</FillWithColor>
	</PageObject>
	<PageObject Type="Bar Chart">
		<Location top="252" left="588" bottom="408" right="1128" />
		<TabOrder>3</TabOrder>
		<Font GUID="00000000-0000-0000-0000-000000000001" Name="Main Font" />
		<Border Style="InShadow" Width="2" MarginTop="5" MarginRight="5" MarginBottom="5" MarginLeft="5" />
		<BackgroundColor RGB="#ffffff" />
		<ColorScheme Number="0" />
		<Title>true</Title>
		<Legend>true</Legend>
		<Y-Labels>true</Y-Labels>
		<X-Labels>true</X-Labels>
		<HorizontalGridLines>true</HorizontalGridLines>
		<StatusLine>true</StatusLine>
		<ExplicitIdentifier>
			<Identifier>UnsatisfiedBikes( i, t )</Identifier>
		</ExplicitIdentifier>
		<FillWithColor>true</FillWithColor>
	</PageObject>
	<UsedReferences>
		<Model>
			<Symbol>LocationCapacity</Symbol>
			<Symbol>UnsatisfiedBikes</Symbol>
			<Symbol>UnsatisfiedDocks</Symbol>
			<Symbol>AvailableBikes</Symbol>
			<Symbol>i</Symbol>
			<Symbol>t</Symbol>
			<Symbol>StationCap</Symbol>
		</Model>
	</UsedReferences>
</Page>
