<?xml version="1.0"?>
<Page Version="4000" TimeStamp="2016-02-17 15:07:05">
	<PageEditSize Type="Inherited" />
	<ProjectUUID>DF4CEE1C-3B31-478B-B87D-1F053642CBBF</ProjectUUID>
	<TemplatesTabOrderPosition>1</TemplatesTabOrderPosition>
	<Background Inherited="true" />
	<PageObject Type="Composite Table">
		<Location top="12" left="24" bottom="252" right="456" />
		<TabOrder>1</TabOrder>
		<Font GUID="00000000-0000-0000-0000-000000000001" Name="Main Font" />
		<Border Style="InShadow" Width="2" MarginTop="5" MarginRight="5" MarginBottom="5" MarginLeft="5" />
		<BackgroundColor RGB="#ffffff" />
		<Domain>
			<Identifier>VehicleTravel( i, j, v, t )</Identifier>
			<Index Name="i">
				<TitleText>"From"</TitleText>
			</Index>
			<Index Name="j">
				<TitleText>"To"</TitleText>
			</Index>
			<Index Name="v">
				<TitleText>"Vehicle"</TitleText>
			</Index>
			<Index Name="t">
				<TitleText>"Step"</TitleText>
				<SortingOrder>1</SortingOrder>
			</Index>
		</Domain>
		<ExplicitIdentifier>
			<Identifier>VehicleTravel( i, j, v, t )</Identifier>
			<NumberFormat Width="7" Decimals="3" Alignment="Center" />
			<Hidden>1</Hidden>
			<TitleText>"Travled"</TitleText>
		</ExplicitIdentifier>
		<ExplicitIdentifier>
			<Identifier>SelectLoadedPerTimePeriod( v, t )</Identifier>
			<NumberFormat Width="5" Decimals="1" Alignment="Center" />
			<TitleText>"Loaded / Unloaded"</TitleText>
		</ExplicitIdentifier>
	</PageObject>
	<PageObject Type="Scalar">
		<Location top="18" left="468" bottom="54" right="690" />
		<TabOrder>3</TabOrder>
		<Font GUID="00000000-0000-0000-0000-000000000001" Name="Main Font" />
		<Border Style="InShadow" Width="2" MarginTop="5" MarginRight="5" MarginBottom="5" MarginLeft="5" />
		<BackgroundColor RGB="#ffffff" />
		<Layout>Text-Value</Layout>
		<SeparatorSign>=</SeparatorSign>
		<ExplicitIdentifier>
			<Identifier>SelectVehicle</Identifier>
			<NumberFormat Width="15" Decimals="0" Alignment="Left" ShowDefaults="true" />
			<Title>"Select Vehicle"</Title>
		</ExplicitIdentifier>
	</PageObject>
	<PageObject Type="Table">
		<Location top="264" left="24" bottom="396" right="738" />
		<TabOrder>2</TabOrder>
		<Font GUID="00000000-0000-0000-0000-000000000001" Name="Main Font" />
		<Border Style="InShadow" Width="2" MarginTop="5" MarginRight="5" MarginBottom="5" MarginLeft="5" />
		<BackgroundColor RGB="#ffffff" />
		<RowIndentation>3</RowIndentation>
		<AllHorizontalGridLines>true</AllHorizontalGridLines>
		<AllVerticalGridLines>true</AllVerticalGridLines>
		<ExplicitIdentifier>
			<Identifier>LoadedPerTimePeriod( v, t )</Identifier>
			<FirstColumn>1</FirstColumn>
			<HeaderText>"Loaded Per Time Period"</HeaderText>
			<NumberFormat Width="8" Decimals="2" Alignment="Right" />
		</ExplicitIdentifier>
		<ExplicitIdentifier>
			<Identifier>TotalLoadedNet( v )</Identifier>
			<FirstColumn>1</FirstColumn>
			<HeaderText>"Net Loaded"</HeaderText>
			<NumberFormat Width="5" Decimals="2" Alignment="Center" />
		</ExplicitIdentifier>
	</PageObject>
	<PageObject Type="Table">
		<Location top="60" left="468" bottom="114" right="690" />
		<TabOrder>3</TabOrder>
		<Font GUID="00000000-0000-0000-0000-000000000001" Name="Main Font" />
		<Border Style="InShadow" Width="2" MarginTop="5" MarginRight="5" MarginBottom="5" MarginLeft="5" />
		<BackgroundColor RGB="#ffffff" />
		<RowIndentation>3</RowIndentation>
		<ExplicitIdentifier>
			<Identifier>TimeTraveled( v )</Identifier>
			<FirstColumn>0</FirstColumn>
			<NumberFormat Width="5" Decimals="3" Alignment="Center" />
		</ExplicitIdentifier>
	</PageObject>
	<UsedReferences>
		<Model>
			<Symbol>LoadedPerTimePeriod</Symbol>
			<Symbol>TotalLoadedNet</Symbol>
			<Symbol>TimeTraveled</Symbol>
			<Symbol>i</Symbol>
			<Symbol>j</Symbol>
			<Symbol>v</Symbol>
			<Symbol>t</Symbol>
			<Symbol>VehicleTravel</Symbol>
			<Symbol>SelectVehicle</Symbol>
			<Symbol>SelectLoadedPerTimePeriod</Symbol>
		</Model>
	</UsedReferences>
</Page>
